麵食,67.77637465
料理,61.8116168
餐廳,60.39781262
牛肉麵,58.98400843
點心,54.19013822
飲茶,50.76303375
水餃,50.42889287
排骨,47.92450685
豬腳,45.91384224
海鮮,44.23800633
粵菜,41.80485133
拉麵,40.81230421
美食,40.5515058
小吃,40.30803847
四川,39.28115189
台灣,39.28115189
牛肉,37.01029676
菠蘿,34.11900316
蕃茄,32.80550369
餃子,30.60922816
湘菜,30.60922816
招牌,29.49200422
豆腐,28.71076619
上海,28.71076619
風格,28.43250264
老虎,28.43250264
餡餅,28.43250264
福州,28.11900316
義大利,26.74600211
江浙,24.60922816
韭菜,23.43250264
麻辣燙,22.74600211
中華,22.74600211
炒飯,20.40615211
肉絲,20.40615211
北京,20.05950158
桂林,20.05950158
三元,20.05950158
紅燒,18.74600211
花雕,18.74600211
黃瓜,18.74600211
精緻,18.74600211
蟹黃,18.74600211
豬肉,18.74600211
川菜,17.05950158
餛飩,17.05950158
奶油,17.05950158
素食,17.05950158
飲食,17.05950158
豆沙,15.30461408
湖南,15.30461408
雞肉,15.30461408
韭黃,15.30461408
麻醬,15.30461408
蝦仁,15.30461408
鮮肉,15.30461408
炸醬麵,15.30461408
芝麻,15.30461408
鮑魚,13.37300105
菜飯,13.37300105
褡褳,13.37300105
豆漿,13.37300105
廣東,13.37300105
海南,13.37300105
花生,13.37300105
火燒,13.37300105
薺菜,13.37300105
健康,13.37300105
涼麵,13.37300105
流沙,13.37300105
六層,13.37300105
奶茶,13.37300105
切麵,13.37300105
清燉,13.37300105
日本,13.37300105
師大,13.37300105
魚子,13.37300105
總匯,13.37300105
菠菜,11.37300105
蒼蠅,11.37300105
法式,11.37300105
飯館,11.37300105
肥腸,11.37300105
府城,11.37300105
乾隆,11.37300105
故宮,11.37300105
海菜,11.37300105
江蘇,11.37300105
酒水,11.37300105
絕妙,11.37300105
綠豆,11.37300105
蘿蔔,11.37300105
麻辣,11.37300105
麻油,11.37300105
南瓜,11.37300105
品質,11.37300105
旗艦,11.37300105
親身,11.37300105
區分,11.37300105
熱情,11.37300105
沙鍋,11.37300105
砂鍋,11.37300105
燒賣,11.37300105
奢華,11.37300105
食堂,11.37300105
思維,11.37300105
四季豆,11.37300105
湯麵,11.37300105
特色,11.37300105
天然,11.37300105
微風,11.37300105
午間,11.37300105
小菜,11.37300105
小米粥,11.37300105
新派,11.37300105
新鮮,11.37300105
宴會,11.37300105
邀請,11.37300105
印象,11.37300105
油餅,11.37300105
載入,11.37300105
鯽魚,11.37300105
嶄新,11.37300105
珍珠,11.37300105
真心,11.37300105
蒸餃,11.37300105
中山,11.37300105
忠孝,11.37300105
豬油,11.37300105
專業,11.37300105
資料,11.37300105
自製,11.37300105
author,11.37300105
date,11.37300105
echofalse,11.37300105
functioni,11.37300105
functionj,11.37300105
htmldocument,11.37300105
lengthsegji,11.37300105
libraryreadxl,11.37300105
new,11.37300105
newnew,11.37300105
nnterm,11.37300105
op,11.37300105
output,11.37300105
readexceloutputvxlsx,11.37300105
rmd,11.37300105
segj,11.37300105
segji,11.37300105
segjjlengthsegjj,11.37300105
setwduserszhuangshuyuandocumentsgraduationstudentbusiness,11.37300105
shape,11.37300105
strsplitoptitlesegj,11.37300105
text,11.37300105
title,11.37300105
tshape,11.37300105
yuan,11.37300105
1011116,6.686500527
1018452,6.686500527
1037998,6.686500527
104180,6.686500527
1048728,6.686500527
1054292,6.686500527
105975,6.686500527
1118906,6.686500527
114216,6.686500527
116904,6.686500527
118113,6.686500527
120211,6.686500527
120433,6.686500527
131645,6.686500527
145841,6.686500527
145915,6.686500527
15837,6.686500527
15851,6.686500527
22336,6.686500527
22562,6.686500527
23018,6.686500527
23085,6.686500527
23384,6.686500527
23510,6.686500527
23584,6.686500527
23695,6.686500527
27478,6.686500527
27506,6.686500527
27562,6.686500527
28053,6.686500527
36.88311601,6.686500527
36.88357806,6.686500527
36.88400197,6.686500527
36.88437796,6.686500527
36.88484693,6.686500527
36.885602,6.686500527
36.88620806,6.686500527
36.88651896,6.686500527
36.88681602,6.686500527
36.88717103,6.686500527
36.88747406,6.686500527
36.88780808,6.686500527
36.88810301,6.686500527
36.88832688,6.686500527
36.88861108,6.686500527
36.88884497,6.686500527
36.88909602,6.686500527
36.88937712,6.686500527
36.88956594,6.686500527
36.88979506,6.686500527
36.89002109,6.686500527
36.89031291,6.686500527
36.890517,6.686500527
36.890764,6.686500527
36.8910749,6.686500527
36.89134192,6.686500527
36.89162993,6.686500527
36.89190507,6.686500527
36.89220309,6.686500527
36.89237595,6.686500527
36.89255404,6.686500527
36.89281607,6.686500527
36.893013,6.686500527
36.89321804,6.686500527
36.89341998,6.686500527
36.89354897,6.686500527
36.893718,6.686500527
36.89404392,6.686500527
36.89438391,6.686500527
36.89460111,6.686500527
36.8948729,6.686500527
36.89506793,6.686500527
36.89525104,6.686500527
36.89544392,6.686500527
36.89560795,6.686500527
36.8957901,6.686500527
36.89595509,6.686500527
36.89618707,6.686500527
36.89640808,6.686500527
36.89656711,6.686500527
36.89678693,6.686500527
36.8969419,6.686500527
36.89714098,6.686500527
36.89733911,6.686500527
36.89750409,6.686500527
36.89766407,6.686500527
36.89784789,6.686500527
36.89804101,6.686500527
36.89819193,6.686500527
36.89840603,6.686500527
36.89859796,6.686500527
36.8988111,6.686500527
36.89901304,6.686500527
36.89935899,6.686500527
36.89967608,6.686500527
36.89997911,6.686500527
36.90027595,6.686500527
36.90054989,6.686500527
36.90081596,6.686500527
36.90114999,6.686500527
36.9014709,6.686500527
36.90167809,6.686500527
36.90195704,6.686500527
36.90222812,6.686500527
36.90283394,6.686500527
36.90329003,6.686500527
36.90357304,6.686500527
36.90375495,6.686500527
36.90403509,6.686500527
36.9042201,6.686500527
36.90444708,6.686500527
36.90465999,6.686500527
36.90482807,6.686500527
36.90505004,6.686500527
36.90521502,6.686500527
36.90540695,6.686500527
36.905617,6.686500527
36.90578389,6.686500527
36.90599895,6.686500527
36.90616798,6.686500527
36.90638709,6.686500527
36.90665889,6.686500527
36.90682101,6.686500527
36.90698695,6.686500527
36.90727091,6.686500527
36.90752792,6.686500527
36.90771508,6.686500527
36.90790892,6.686500527
36.9080689,6.686500527
36.90824604,6.686500527
36.90845704,6.686500527
36.90861106,6.686500527
36.90888405,6.686500527
36904,6.686500527
37540,6.686500527
3782,6.686500527
37873,6.686500527
38496,6.686500527
38558,6.686500527
39003,6.686500527
39266,6.686500527
39445,6.686500527
39512,6.686500527
40643,6.686500527
41239,6.686500527
41403,6.686500527
42343,6.686500527
45281,6.686500527
45437,6.686500527
45977,6.686500527
47173,6.686500527
47884,6.686500527
50865,6.686500527
51414,6.686500527
51596,6.686500527
51904,6.686500527
52084,6.686500527
52205,6.686500527
5247,6.686500527
52594,6.686500527
54875,6.686500527
56109,6.686500527
56700,6.686500527
56974,6.686500527
594232,6.686500527
609324,6.686500527
61993,6.686500527
62018,6.686500527
6234,6.686500527
6256,6.686500527
6270,6.686500527
627334,6.686500527
629018,6.686500527
6512,6.686500527
6542,6.686500527
6574,6.686500527
6578,6.686500527
6600,6.686500527
67486,6.686500527
67841,6.686500527
69991,6.686500527
72251,6.686500527
72683,6.686500527
7601,6.686500527
7626,6.686500527
77330,6.686500527
7752,6.686500527
78316,6.686500527
7977,6.686500527
80901,6.686500527
8133,6.686500527
8147,6.686500527
89637,6.686500527
928286,6.686500527
94086,6.686500527
943008,6.686500527
94311,6.686500527
948456,6.686500527
949480,6.686500527
95144,6.686500527
958026,6.686500527
979476,6.686500527
阿婆,6.686500527
安心,6.686500527
拔絲,6.686500527
白菜,6.686500527
白肉,6.686500527
百花,6.686500527
搬進,6.686500527
保證,6.686500527
寶島,6.686500527
北城,6.686500527
本身,6.686500527
便當,6.686500527
玻璃,6.686500527
撥打,6.686500527
不斷,6.686500527
不吝,6.686500527
不同,6.686500527
不須,6.686500527
不用,6.686500527
菜色,6.686500527
餐飲,6.686500527
草創,6.686500527
產品,6.686500527
嘗試,6.686500527
車站,6.686500527
成功,6.686500527
成立,6.686500527
呈現,6.686500527
承德,6.686500527
吃法,6.686500527
赤峰,6.686500527
臭豆腐,6.686500527
出發,6.686500527
出台,6.686500527
創立,6.686500527
創新,6.686500527
純天然,6.686500527
蔥花,6.686500527
大腸,6.686500527
大量,6.686500527
大王,6.686500527
代表性,6.686500527
蛋黃,6.686500527
刀削麵,6.686500527
地瓜,6.686500527
燈光,6.686500527
第二家,6.686500527
第三代,6.686500527
第三家,6.686500527
第一,6.686500527
第一家,6.686500527
店家,6.686500527
電話,6.686500527
頂級,6.686500527
訂購,6.686500527
冬瓜,6.686500527
東南,6.686500527
東坡肉,6.686500527
東區,6.686500527
動力,6.686500527
豆瓣,6.686500527
豆醬,6.686500527
豆乳,6.686500527
獨門,6.686500527
對面,6.686500527
囤積,6.686500527
多樣,6.686500527
耳朵,6.686500527
二代,6.686500527
二十幾年,6.686500527
番茄,6.686500527
非常,6.686500527
肥美,6.686500527
費時,6.686500527
分機,6.686500527
粉絲,6.686500527
風情,6.686500527
風味菜,6.686500527
鳳梨,6.686500527
芙蓉,6.686500527
福華,6.686500527
富貴,6.686500527
復興,6.686500527
蓋飯,6.686500527
感謝,6.686500527
干貝,6.686500527
高價,6.686500527
高山,6.686500527
個人,6.686500527
給予,6.686500527
更為,6.686500527
供應,6.686500527
宮廷,6.686500527
古都,6.686500527
鼓勵,6.686500527
顧客,6.686500527
棺材,6.686500527
光復,6.686500527
桂花,6.686500527
貴妃,6.686500527
鍋貼,6.686500527
國父,6.686500527
海產,6.686500527
海港,6.686500527
好吃,6.686500527
好好,6.686500527
好評,6.686500527
好似,6.686500527
和風,6.686500527
荷包蛋,6.686500527
盒子,6.686500527
紅茶,6.686500527
虎皮,6.686500527
皇城,6.686500527
回鍋肉,6.686500527
會館,6.686500527
火鍋,6.686500527
火腿,6.686500527
雞湯,6.686500527
即可,6.686500527
極品,6.686500527
極致,6.686500527
紀念館,6.686500527
紀念堂,6.686500527
家常,6.686500527
嘉賓,6.686500527
煎熬,6.686500527
煎餅,6.686500527
接受,6.686500527
階段,6.686500527
街頭,6.686500527
節日,6.686500527
金銀,6.686500527
靜園,6.686500527
酒釀,6.686500527
聚餐,6.686500527
覺得,6.686500527
開發,6.686500527
開設,6.686500527
看到,6.686500527
康定,6.686500527
烤麩,6.686500527
客戶,6.686500527
客家,6.686500527
客人,6.686500527
空心菜,6.686500527
口味,6.686500527
庫存,6.686500527
辣醬,6.686500527
辣椒,6.686500527
辣椒醬,6.686500527
來自,6.686500527
老佛爺,6.686500527
烙餅,6.686500527
鯉魚,6.686500527
歷史,6.686500527
聯絡,6.686500527
涼拌,6.686500527
涼粉,6.686500527
留連,6.686500527
龍井,6.686500527
龍鬚菜,6.686500527
樓台,6.686500527
蘆筍,6.686500527
滷肉,6.686500527
滷味,6.686500527
驢打滾,6.686500527
綠豆糕,6.686500527
綠豆稀飯,6.686500527
媽媽,6.686500527
梅花,6.686500527
米糕,6.686500527
民權,6.686500527
明星,6.686500527
目前,6.686500527
南門,6.686500527
南洋,6.686500527
寧波,6.686500527
牛仔,6.686500527
偶然,6.686500527
排隊,6.686500527
胖子,6.686500527
泡菜,6.686500527
配方,6.686500527
批評,6.686500527
皮蛋,6.686500527
拼盤,6.686500527
起家,6.686500527
千層,6.686500527
青椒,6.686500527
清朝,6.686500527
清水,6.686500527
清真,6.686500527
去除,6.686500527
熱愛,6.686500527
認識,6.686500527
肉絲麵,6.686500527
肉湯,6.686500527
肉丸,6.686500527
入味,6.686500527
瑞安,6.686500527
三十多年,6.686500527
三天,6.686500527
三味,6.686500527
沙拉,6.686500527
山西,6.686500527
商務,6.686500527
上桌,6.686500527
什錦,6.686500527
生菜,6.686500527
生機,6.686500527
生猛海鮮,6.686500527
生命,6.686500527
生日,6.686500527
生意,6.686500527
生魚片,6.686500527
聲音,6.686500527
失敗,6.686500527
獅子頭,6.686500527
十四,6.686500527
食品,6.686500527
食用,6.686500527
實在,6.686500527
世代,6.686500527
市場,6.686500527
受盡,6.686500527
瘦肉,6.686500527
蔬菜,6.686500527
熟客,6.686500527
數個,6.686500527
數十種,6.686500527
雙方,6.686500527
水果,6.686500527
水源,6.686500527
絲襪,6.686500527
素雞,6.686500527
酸菜,6.686500527
蒜泥,6.686500527
太子,6.686500527
湯包,6.686500527
特製,6.686500527
甜椒,6.686500527
統一,6.686500527
頭皮,6.686500527
透過,6.686500527
土豆,6.686500527
丸子,6.686500527
溫州,6.686500527
文火,6.686500527
無敵,6.686500527
無名,6.686500527
五更,6.686500527
五十九年,6.686500527
午餐,6.686500527
喜愛,6.686500527
喜歡,6.686500527
西村,6.686500527
下巴,6.686500527
現在,6.686500527
香檳,6.686500527
香腸,6.686500527
香菇,6.686500527
香氣,6.686500527
享受,6.686500527
享用,6.686500527
小炒,6.686500527
小姐,6.686500527
小林,6.686500527
欣賞,6.686500527
新光,6.686500527
信義,6.686500527
腥味,6.686500527
行雲流水,6.686500527
杏仁,6.686500527
興隆,6.686500527
兄弟,6.686500527
徐州,6.686500527
雅致,6.686500527
延續,6.686500527
鹽水,6.686500527
宴請,6.686500527
洋菜,6.686500527
揚州,6.686500527
養生,6.686500527
藥膳,6.686500527
椰汁,6.686500527
夜市,6.686500527
一棟,6.686500527
一間,6.686500527
一口氣,6.686500527
一品,6.686500527
一位,6.686500527
一致,6.686500527
意見,6.686500527
藝術,6.686500527
引進,6.686500527
擁有,6.686500527
油豆腐,6.686500527
油膩,6.686500527
油品,6.686500527
油條,6.686500527
有機,6.686500527
誘人,6.686500527
魚翅,6.686500527
魚片,6.686500527
魚子醬,6.686500527
漁夫,6.686500527
芋頭,6.686500527
預定,6.686500527
預約,6.686500527
鴛鴦,6.686500527
原本,6.686500527
員工,6.686500527
願意,6.686500527
榨菜,6.686500527
長春,6.686500527
掌櫃,6.686500527
這項,6.686500527
正常,6.686500527
正式,6.686500527
正宗,6.686500527
支持,6.686500527
知道,6.686500527
指教,6.686500527
至今,6.686500527
中文,6.686500527
中藥,6.686500527
忠實,6.686500527
鐘頭,6.686500527
豬肝,6.686500527
豬皮,6.686500527
竹筍,6.686500527
注入,6.686500527
駐足,6.686500527
專賣店,6.686500527
專門,6.686500527
轉角,6.686500527
追求,6.686500527
總店,6.686500527
祖師,6.686500527
鑽研,6.686500527
坐落,6.686500527
amp,6.686500527
class,6.686500527
classtext,6.686500527
kiki,6.686500527
part,6.686500527
pasta,6.686500527
sogo,6.686500527
xo,6.686500527
11,0
116,0
12,0
342,0
51,0